Source,Target
C08-3004,A00-1002
D09-1141,A00-1002
D12-1027,A00-1002
E06-1047,A00-1002
H05-1110,A00-1002
N01-1020,A00-1002
N13-1036,A00-1002
P13-2001,A00-1002
P13-2073,A00-1002
W11-2602,A00-1002
W13-2702,A00-1002
C10-1054,A00-1004
W06-1008,A00-1004
W03-0704,A00-1005
W03-1206,A00-1005
P00-1054,A00-1006
W02-0208,A00-1007
W03-2128,A00-1007
W08-0123,A00-1008
W08-1114,A00-1008
I05-5004,A00-1009
W00-0505,A00-1009
W01-0807,A00-1009
W02-1610,A00-1009
W03-1602,A00-1009
H05-1078,A00-1010
J02-3001,A00-1010
P12-2040,A00-1010
W02-0209,A00-1010
C10-2133,A00-1011
I05-2023,A00-1011
N07-2043,A00-1011
P06-2022,A00-1011
P06-2094,A00-1011
W02-1010,A00-1011
W03-0808,A00-1011
W04-0704,A00-1011
N03-1029,A00-1012
W02-0703,A00-1012
W03-1703,A00-1012
W04-3210,A00-1012
A00-2027,A00-1014
P03-1031,A00-1014
P03-1033,A00-1014
P04-1012,A00-1014
W00-0310,A00-1014
W00-1017,A00-1014
W02-0209,A00-1014
W03-2107,A00-1014
W03-2113,A00-1014
N01-1030,A00-1016
N03-4005,A00-1016
P01-1022,A00-1016
J03-2003,A00-1017
P01-1015,A00-1017
P13-1152,A00-1017
W00-1410,A00-1017
W05-1603,A00-1017
W00-0507,A00-1018
A00-1004,A00-1019
W00-0507,A00-1019
W00-0707,A00-1019
W02-1405,A00-1019
D09-1103,A00-1020
I08-6002,A00-1020
J01-4001,A00-1020
N12-1007,A00-1020
N12-1090,A00-1020
S10-1019,A00-1020
W01-0717,A00-1020
W12-1512,A00-1020
W12-4509,A00-1020
C04-1199,A00-1021
H01-1006,A00-1021
H01-1036,A00-1021
J05-3002,A00-1021
P01-1037,A00-1021
P06-1135,A00-1021
W00-1316,A00-1021
W02-1034,A00-1021
W07-1407,A00-1021
C02-1026,A00-1023
C02-1042,A00-1023
H01-1045,A00-1023
H01-1069,A00-1023
P01-1037,A00-1023
P02-1006,A00-1023
W01-1206,A00-1023
W02-1905,A00-1023
W03-0201,A00-1023
W03-1211,A00-1023
W10-1313,A00-1023
C04-1191,A00-1024
P06-2045,A00-1024
H01-1036,A00-1025
P01-1037,A00-1025
P01-1070,A00-1025
W01-0501,A00-1025
W02-0507,A00-1025
W02-0308,A00-1026
W02-0312,A00-1026
W03-1314,A00-1026
W04-3110,A00-1026
W00-0702,A00-1028
C04-1191,A00-1030
L08-1136,A00-1030
W00-0712,A00-1030
W12-2302,A00-1030
C02-1021,A00-1031
C02-1093,A00-1031
C02-1112,A00-1031
C02-1131,A00-1031
C04-1052,A00-1031
C04-1066,A00-1031
C04-1067,A00-1031
C04-1082,A00-1031
C04-1095,A00-1031
C04-1140,A00-1031
C04-1141,A00-1031
C04-1163,A00-1031
C08-1015,A00-1031
C08-1091,A00-1031
C08-1098,A00-1031
C10-1030,A00-1031
C10-2016,A00-1031
C10-2040,A00-1031
C10-2146,A00-1031
D07-1117,A00-1031
D07-1118,A00-1031
D08-1019,A00-1031
D08-1110,A00-1031
D09-1060,A00-1031
D10-1020,A00-1031
D10-1069,A00-1031
D11-1017,A00-1031
D12-1028,A00-1031
D12-1103,A00-1031
D13-1039,A00-1031
D13-1120,A00-1031
E03-1026,A00-1031
E03-1041,A00-1031
E03-1052,A00-1031
E03-1064,A00-1031
E03-1071,A00-1031
E03-1076,A00-1031
E03-2012,A00-1031
E06-1034,A00-1031
E06-2024,A00-1031
E09-1049,A00-1031
E09-1060,A00-1031
E09-1079,A00-1031
E09-1087,A00-1031
E12-1050,A00-1031
H05-1059,A00-1031
I05-1011,A00-1031
I05-1057,A00-1031
I05-1075,A00-1031
I05-2022,A00-1031
I05-2033,A00-1031
I05-2038,A00-1031
I05-3005,A00-1031
I08-1054,A00-1031
I08-3012,A00-1031
I08-7003,A00-1031
J01-2002,A00-1031
J12-2005,A00-1031
J13-1005,A00-1031
L08-1056,A00-1031
L08-1251,A00-1031
L08-1357,A00-1031
L08-1404,A00-1031
L08-1447,A00-1031
L08-1451,A00-1031
L08-1454,A00-1031
L08-1538,A00-1031
L08-1539,A00-1031
L08-1566,A00-1031
L08-1567,A00-1031
L08-1571,A00-1031
N03-1033,A00-1031
N03-2027,A00-1031
N07-2027,A00-1031
N09-1013,A00-1031
N09-2054,A00-1031
N10-3002,A00-1031
P00-1035,A00-1031
P02-1045,A00-1031
P02-1063,A00-1031
P03-1013,A00-1031
P03-1038,A00-1031
P04-2011,A00-1031
P05-1004,A00-1031
P05-1039,A00-1031
P05-2001,A00-1031
P05-2004,A00-1031
P05-2012,A00-1031
P05-2023,A00-1031
P06-1037,A00-1031
P06-1041,A00-1031
P06-1102,A00-1031
P07-1041,A00-1031
P07-1051,A00-1031
P07-2053,A00-1031
P07-2056,A00-1031
P08-1003,A00-1031
P08-1077,A00-1031
P09-2044,A00-1031
P10-1050,A00-1031
P10-1089,A00-1031
P10-1130,A00-1031
P10-1144,A00-1031
P11-1061,A00-1031
P11-1097,A00-1031
P11-4002,A00-1031
P12-1108,A00-1031
P13-1028,A00-1031
P13-1068,A00-1031
P13-2112,A00-1031
S12-1031,A00-1031
W00-0713,A00-1031
W00-1308,A00-1031
W00-1326,A00-1031
W01-0519,A00-1031
W01-0701,A00-1031
W01-1503,A00-1031
W02-0102,A00-1031
W02-0801,A00-1031
W02-0904,A00-1031
W02-1002,A00-1031
W02-1040,A00-1031
W02-2032,A00-1031
W03-0314,A00-1031
W03-0407,A00-1031
W03-0429,A00-1031
W03-0806,A00-1031
W03-2909,A00-1031
W04-0805,A00-1031
W04-0808,A00-1031
W04-0816,A00-1031
W04-1211,A00-1031
W04-1214,A00-1031
W04-1217,A00-1031
W04-1903,A00-1031
W04-2312,A00-1031
W04-3203,A00-1031
W04-3204,A00-1031
W04-3209,A00-1031
W04-3214,A00-1031
W04-3229,A00-1031
W05-0104,A00-1031
W05-0405,A00-1031
W05-0708,A00-1031
W05-0807,A00-1031
W06-0131,A00-1031
W06-0205,A00-1031
W06-1111,A00-1031
W06-1602,A00-1031
W06-1632,A00-1031
W06-1670,A00-1031
W06-1701,A00-1031
W06-2005,A00-1031
W06-2402,A00-1031
W06-2705,A00-1031
W06-3120,A00-1031
W06-3125,A00-1031
W07-1214,A00-1031
W07-1516,A00-1031
W08-0307,A00-1031
W08-0315,A00-1031
W08-0325,A00-1031
W08-0625,A00-1031
W08-0901,A00-1031
W08-1708,A00-1031
W09-0402,A00-1031
W09-0410,A00-1031
W09-0706,A00-1031
W09-0715,A00-1031
W09-1008,A00-1031
W10-1603,A00-1031
W10-1831,A00-1031
W10-3007,A00-1031
W10-3214,A00-1031
W11-0415,A00-1031
W11-0809,A00-1031
W11-1501,A00-1031
W11-1502,A00-1031
W11-1503,A00-1031
W11-1512,A00-1031
W12-0103,A00-1031
W12-1010,A00-1031
W12-1911,A00-1031
W12-3206,A00-1031
W12-3409,A00-1031
W13-1723,A00-1031
W13-2302,A00-1031
W13-2408,A00-1031
W13-2501,A00-1031
W13-3520,A00-1031
W13-3609,A00-1031
W03-1309,A00-1032
C02-1093,A00-1033
C02-1121,A00-1033
C02-1131,A00-1033
E03-1087,A00-1033
L08-1452,A00-1033
P09-1008,A00-1033
W00-0738,A00-1033
W01-1017,A00-1033
W02-2032,A00-1033
W10-4145,A00-1033
C02-1127,A00-1034
I08-1045,A00-1034
I08-5004,A00-1034
I08-5005,A00-1034
I08-7002,A00-1034
P03-1043,A00-1034
W01-1203,A00-1034
W03-0106,A00-1034
W03-0411,A00-1034
W03-0808,A00-1034
A00-1030,A00-1036
W02-0405,A00-1038
C00-2136,A00-1039
E12-1030,A00-1039
H01-1009,A00-1039
N06-1039,A00-1039
P03-1029,A00-1039
P06-1040,A00-1039
P06-2094,A00-1039
W03-0405,A00-1039
W04-3206,A00-1039
W06-0508,A00-1039
W06-2904,A00-1039
W07-1211,A00-1039
W13-2416,A00-1039
C04-1143,A00-1040
H05-1056,A00-1040
W07-1702,A00-1040
C02-1026,A00-1041
C02-1042,A00-1041
P01-1037,A00-1041
P01-1070,A00-1041
P02-1005,A00-1041
W01-0509,A00-1041
W01-1206,A00-1041
W02-1033,A00-1041
W02-1905,A00-1041
W03-1211,A00-1041
W10-1313,A00-1041
N03-1035,A00-1042
A00-2024,A00-1043
C00-2140,A00-1043
C04-1107,A00-1043
C04-1129,A00-1043
C08-1018,A00-1043
C10-1101,A00-1043
D07-1008,A00-1043
D10-1050,A00-1043
E09-1017,A00-1043
I05-1066,A00-1043
J02-4005,A00-1043
J05-4004,A00-1043
J10-3005,A00-1043
N03-1026,A00-1043
N07-1023,A00-1043
N10-1044,A00-1043
N10-1131,A00-1043
N13-1030,A00-1043
P02-1057,A00-1043
P06-1048,A00-1043
P06-2019,A00-1043
P08-1035,A00-1043
P08-1040,A00-1043
P10-1058,A00-1043
P10-1096,A00-1043
P11-3002,A00-1043
W02-1907,A00-1043
W03-1101,A00-1043
W03-1119,A00-1043
W11-1611,A00-1043
W11-2701,A00-1043
W13-3508,A00-1043
D10-1033,A00-1044
H05-1062,A00-1044
P01-1039,A00-1044
W02-2003,A00-1044
W03-0504,A00-1044
W03-1211,A00-1044
N07-1034,A00-2001
P03-1070,A00-2001
P05-1029,A00-2001
P10-3001,A00-2001
W04-2309,A00-2001
W06-1306,A00-2001
W06-1313,A00-2001
W07-1906,A00-2001
W13-4044,A00-2001
J00-3005,A00-2002
P13-2066,A00-2002
W00-1403,A00-2002
W00-1426,A00-2002
W01-0814,A00-2002
W01-1605,A00-2002
P00-1024,A00-2003
W05-1601,A00-2003
C02-1033,A00-2004
C04-1079,A00-2004
C08-1103,A00-2004
D07-1088,A00-2004
D08-1001,A00-2004
D08-1035,A00-2004
D10-1038,A00-2004
D11-1026,A00-2004
D13-1130,A00-2004
E03-1058,A00-2004
H01-1069,A00-2004
H05-1122,A00-2004
I05-1026,A00-2004
I08-2133,A00-2004
J02-1002,A00-2004
J02-4002,A00-2004
J06-1002,A00-2004
L08-1310,A00-2004
N03-3009,A00-2004
N10-1143,A00-2004
N12-1064,A00-2004
N13-1019,A00-2004
P01-1064,A00-2004
P03-1071,A00-2004
P06-1004,A00-2004
P07-1061,A00-2004
P08-2068,A00-2004
P11-4013,A00-2004
P13-2034,A00-2004
W01-0514,A00-2004
W04-1006,A00-2004
W04-3244,A00-2004
W06-1320,A00-2004
W06-1632,A00-2004
W06-2914,A00-2004
W06-3408,A00-2004
W07-1707,A00-2004
W10-2310,A00-2004
W11-0503,A00-2004
W12-0703,A00-2004
W12-1016,A00-2004
W12-3307,A00-2004
D10-1067,A00-2005
H05-1009,A00-2005
J04-3001,A00-2005
N10-1003,A00-2005
P06-2080,A00-2005
P07-1052,A00-2005
Q13-1025,A00-2005
W02-1036,A00-2005
W06-0104,A00-2005
J12-3005,A00-2006
P06-2072,A00-2006
S12-1024,A00-2006
W03-1402,A00-2006
W08-1910,A00-2006
C00-2124,A00-2007
C08-1106,A00-2007
D07-1084,A00-2007
N01-1025,A00-2007
P05-1027,A00-2007
W00-0718,A00-2007
W00-0733,A00-2007
W00-0734,A00-2007
W01-0701,A00-2007
W01-0712,A00-2007
W02-1029,A00-2007
W02-1036,A00-2007
W05-0611,A00-2007
C04-1055,A00-2008
E09-1066,A00-2008
J07-1004,A00-2008
L08-1012,A00-2008
W05-1525,A00-2008
W06-2607,A00-2008
W06-3504,A00-2008
W10-1812,A00-2008
C00-1051,A00-2009
C02-1011,A00-2009
C04-1130,A00-2009
C04-1132,A00-2009
D10-1032,A00-2009
J03-1004,A00-2009
J04-1001,A00-2009
J04-1003,A00-2009
N01-1011,A00-2009
N03-1004,A00-2009
P01-1005,A00-2009
P02-1044,A00-2009
S10-1083,A00-2009
W02-0812,A00-2009
W02-0813,A00-2009
W02-1004,A00-2009
W02-1027,A00-2009
W02-1029,A00-2009
W03-0417,A00-2009
W03-1306,A00-2009
W03-1701,A00-2009
W04-0850,A00-2009
W04-0864,A00-2009
W04-2004,A00-2009
J05-4002,A00-2011
P13-2083,A00-2011
W13-3203,A00-2011
W05-0701,A00-2012
D07-1023,A00-2013
D10-1071,A00-2013
D13-1032,A00-2013
D13-1033,A00-2013
L08-1176,A00-2013
N07-2014,A00-2013
N13-1044,A00-2013
P00-1035,A00-2013
P01-1035,A00-2013
P04-2003,A00-2013
P05-1071,A00-2013
P08-2030,A00-2013
P12-2072,A00-2013
W03-2909,A00-2013
W04-3229,A00-2013
W07-1709,A00-2013
H05-1028,A00-2014
W00-0605,A00-2014
W02-1031,A00-2014
P06-1022,A00-2015
H01-1069,A00-2016
W01-1203,A00-2016
D08-1007,A00-2017
J05-4002,A00-2017
P05-2015,A00-2017
W00-1301,A00-2017
W01-0502,A00-2017
W06-3604,A00-2017
W09-1007,A00-2017
W12-0104,A00-2017
C00-1011,A00-2018
C00-2135,A00-2018
C02-1068,A00-2018
C02-1126,A00-2018
C02-1138,A00-2018
C02-1159,A00-2018
C04-1010,A00-2018
C04-1021,A00-2018
C04-1040,A00-2018
C04-1056,A00-2018
C04-1097,A00-2018
C04-1157,A00-2018
C04-1180,A00-2018
C04-1204,A00-2018
C08-1027,A00-2018
C08-1050,A00-2018
C08-1069,A00-2018
C08-1094,A00-2018
C08-1144,A00-2018
C10-1081,A00-2018
C10-1142,A00-2018
C10-1151,A00-2018
C10-2013,A00-2018
C10-2014,A00-2018
C10-2032,A00-2018
C10-2059,A00-2018
C10-2158,A00-2018
C10-2168,A00-2018
C10-2176,A00-2018
D07-1022,A00-2018
D07-1027,A00-2018
D07-1028,A00-2018
D07-1062,A00-2018
D07-1065,A00-2018
D07-1072,A00-2018
D07-1078,A00-2018
D07-1108,A00-2018
D07-1117,A00-2018
D08-1050,A00-2018
D08-1052,A00-2018
D08-1091,A00-2018
D09-1012,A00-2018
D09-1085,A00-2018
D09-1087,A00-2018
D09-1108,A00-2018
D09-1119,A00-2018
D09-1120,A00-2018
D09-1135,A00-2018
D09-1136,A00-2018
D09-1161,A00-2018
D10-1002,A00-2018
D10-1043,A00-2018
D11-1006,A00-2018
D11-1017,A00-2018
D11-1061,A00-2018
D11-1066,A00-2018
D11-1080,A00-2018
D11-1096,A00-2018
D11-1116,A00-2018
D12-1083,A00-2018
D12-1096,A00-2018
D12-1133,A00-2018
E03-1002,A00-2018
E03-1005,A00-2018
E03-1025,A00-2018
E03-1051,A00-2018
E06-1011,A00-2018
E06-1012,A00-2018
E06-1038,A00-2018
E09-1017,A00-2018
E09-1027,A00-2018
E09-1048,A00-2018
E09-1049,A00-2018
E09-1090,A00-2018
E09-1092,A00-2018
E12-1018,A00-2018
H05-1001,A00-2018
H05-1033,A00-2018
H05-1035,A00-2018
H05-1078,A00-2018
H05-1099,A00-2018
H05-1102,A00-2018
H05-2004,A00-2018
I05-1006,A00-2018
I05-1017,A00-2018
I05-1020,A00-2018
I05-1021,A00-2018
I05-2036,A00-2018
I05-2044,A00-2018
I05-6006,A00-2018
I08-1016,A00-2018
J01-2004,A00-2018
J03-4003,A00-2018
J04-3001,A00-2018
J05-1003,A00-2018
J05-1004,A00-2018
J06-1005,A00-2018
J06-2003,A00-2018
J07-3004,A00-2018
J07-4004,A00-2018
J08-1002,A00-2018
J09-2003,A00-2018
J11-1005,A00-2018
J11-1007,A00-2018
J11-2003,A00-2018
J11-4006,A00-2018
J11-4007,A00-2018
J13-1003,A00-2018
J13-3006,A00-2018
L08-1049,A00-2018
L08-1091,A00-2018
L08-1115,A00-2018
L08-1292,A00-2018
L08-1383,A00-2018
L08-1490,A00-2018
L08-1596,A00-2018
N01-1016,A00-2018
N01-1029,A00-2018
N03-1011,A00-2018
N03-1014,A00-2018
N03-1024,A00-2018
N03-1027,A00-2018
N03-1030,A00-2018
N03-1031,A00-2018
N03-2024,A00-2018
N04-1011,A00-2018
N04-1020,A00-2018
N04-2009,A00-2018
N06-1020,A00-2018
N06-1022,A00-2018
N06-1023,A00-2018
N06-1024,A00-2018
N06-1026,A00-2018
N06-1039,A00-2018
N06-1040,A00-2018
N06-2019,A00-2018
N06-2026,A00-2018
N07-1053,A00-2018
N07-1072,A00-2018
N07-3002,A00-2018
N09-1062,A00-2018
N09-1073,A00-2018
N09-3017,A00-2018
N10-1002,A00-2018
N10-1003,A00-2018
N10-1004,A00-2018
N10-1005,A00-2018
N10-1058,A00-2018
N10-1061,A00-2018
N10-1146,A00-2018
P00-1058,A00-2018
P01-1010,A00-2018
P01-1017,A00-2018
P02-1018,A00-2018
P02-1025,A00-2018
P02-1026,A00-2018
P02-1034,A00-2018
P02-1042,A00-2018
P02-1047,A00-2018
P02-1055,A00-2018
P03-1013,A00-2018
P03-1046,A00-2018
P03-1054,A00-2018
P03-1055,A00-2018
P03-1056,A00-2018
P03-1069,A00-2018
P03-2012,A00-2018
P04-1006,A00-2018
P04-1013,A00-2018
P04-1030,A00-2018
P04-1040,A00-2018
P04-1042,A00-2018
P04-1082,A00-2018
P04-1087,A00-2018
P04-2009,A00-2018
P05-1011,A00-2018
P05-1012,A00-2018
P05-1013,A00-2018
P05-1022,A00-2018
P05-1023,A00-2018
P05-1024,A00-2018
P05-1025,A00-2018
P05-1038,A00-2018
P05-1039,A00-2018
P05-1065,A00-2018
P05-1072,A00-2018
P05-1073,A00-2018
P05-2016,A00-2018
P06-1006,A00-2018
P06-1021,A00-2018
P06-1022,A00-2018
P06-1023,A00-2018
P06-1033,A00-2018
P06-1041,A00-2018
P06-1048,A00-2018
P06-1051,A00-2018
P06-1055,A00-2018
P06-1117,A00-2018
P06-2010,A00-2018
P06-2038,A00-2018
P06-2041,A00-2018
P06-2048,A00-2018
P06-2067,A00-2018
P06-2089,A00-2018
P06-2104,A00-2018
P06-3004,A00-2018
P06-3009,A00-2018
P06-3014,A00-2018
P07-1025,A00-2018
P07-1026,A00-2018
P07-1032,A00-2018
P07-1035,A00-2018
P07-1062,A00-2018
P07-1078,A00-2018
P07-1080,A00-2018
P07-1103,A00-2018
P07-1104,A00-2018
P07-1120,A00-2018
P07-1122,A00-2018
P07-2052,A00-2018
P07-2057,A00-2018
P08-1006,A00-2018
P08-1013,A00-2018
P08-1037,A00-2018
P08-1067,A00-2018
P08-2054,A00-2018
P09-1006,A00-2018
P09-1020,A00-2018
P09-1022,A00-2018
P09-2020,A00-2018
P09-2026,A00-2018
P09-2064,A00-2018
P10-1110,A00-2018
P10-1112,A00-2018
P11-1045,A00-2018
P11-1065,A00-2018
P11-1123,A00-2018
P11-2076,A00-2018
P11-2119,A00-2018
P11-2123,A00-2018
P11-4021,A00-2018
P12-1026,A00-2018
P12-1071,A00-2018
P12-1101,A00-2018
P12-2001,A00-2018
P12-2003,A00-2018
P12-2007,A00-2018
P12-2062,A00-2018
P13-1029,A00-2018
P13-1043,A00-2018
P13-1045,A00-2018
P13-2110,A00-2018
P13-2111,A00-2018
Q13-1025,A00-2018
S12-1031,A00-2018
S12-1035,A00-2018
W00-0601,A00-2018
W00-1201,A00-2018
W00-1303,A00-2018
W00-1308,A00-2018
W01-0520,A00-2018
W01-0521,A00-2018
W01-0712,A00-2018
W01-0714,A00-2018
W02-1006,A00-2018
W02-1007,A00-2018
W02-1009,A00-2018
W02-1039,A00-2018
W03-0312,A00-2018
W03-0402,A00-2018
W03-1005,A00-2018
W03-1017,A00-2018
W03-1022,A00-2018
W03-1210,A00-2018
W03-1707,A00-2018
W03-2008,A00-2018
W04-0305,A00-2018
W04-0307,A00-2018
W04-0308,A00-2018
W04-0824,A00-2018
W04-0832,A00-2018
W04-0834,A00-2018
W04-1505,A00-2018
W04-1712,A00-2018
W04-2002,A00-2018
W04-2003,A00-2018
W04-2407,A00-2018
W04-2506,A00-2018
W04-3203,A00-2018
W04-3215,A00-2018
W04-3217,A00-2018
W04-3222,A00-2018
W04-3224,A00-2018
W04-3233,A00-2018
W05-0211,A00-2018
W05-0620,A00-2018
W05-0623,A00-2018
W05-0638,A00-2018
W05-0639,A00-2018
W05-1506,A00-2018
W05-1509,A00-2018
W05-1511,A00-2018
W05-1513,A00-2018
W05-1514,A00-2018
W05-1515,A00-2018
W05-1516,A00-2018
W05-1518,A00-2018
W05-1529,A00-2018
W06-0901,A00-2018
W06-1601,A00-2018
W06-1603,A00-2018
W06-1622,A00-2018
W06-1623,A00-2018
W06-1636,A00-2018
W06-1668,A00-2018
W06-2002,A00-2018
W06-2303,A00-2018
W06-2305,A00-2018
W06-2607,A00-2018
W06-2611,A00-2018
W06-2903,A00-2018
W06-2904,A00-2018
W06-2937,A00-2018
W06-3119,A00-2018
W06-3601,A00-2018
W06-3806,A00-2018
W07-0208,A00-2018
W07-0604,A00-2018
W07-0605,A00-2018
W07-1001,A00-2018
W07-1209,A00-2018
W07-1220,A00-2018
W07-1527,A00-2018
W07-2028,A00-2018
W07-2053,A00-2018
W07-2085,A00-2018
W07-2204,A00-2018
W07-2218,A00-2018
W08-0308,A00-2018
W08-0401,A00-2018
W08-0406,A00-2018
W08-0909,A00-2018
W08-1005,A00-2018
W08-1112,A00-2018
W08-2102,A00-2018
W08-2226,A00-2018
W09-0103,A00-2018
W09-0809,A00-2018
W09-1008,A00-2018
W09-1106,A00-2018
W09-1701,A00-2018
W10-1401,A00-2018
W10-1408,A00-2018
W10-1410,A00-2018
W10-3504,A00-2018
W10-4150,A00-2018
W11-0103,A00-2018
W11-0303,A00-2018
W11-0610,A00-2018
W11-0804,A00-2018
W11-1411,A00-2018
W11-2408,A00-2018
W12-3128,A00-2018
W12-3203,A00-2018
W13-1701,A00-2018
W13-1911,A00-2018
W13-3202,A00-2018
W13-3205,A00-2018
W13-4901,A00-2018
W13-4913,A00-2018
W13-4917,A00-2018
C08-1109,A00-2019
C08-1141,A00-2019
C10-2103,A00-2019
D07-1012,A00-2019
D12-1055,A00-2019
E03-1003,A00-2019
I05-1071,A00-2019
N04-1024,A00-2019
P06-1031,A00-2019
P06-1032,A00-2019
P07-1011,A00-2019
P11-1121,A00-2019
P11-4005,A00-2019
Q13-1011,A00-2019
W03-0209,A00-2019
W07-1607,A00-2019
W08-0904,A00-2019
W09-2108,A00-2019
W11-1412,A00-2019
W11-1422,A00-2019
W11-2111,A00-2019
W12-2027,A00-2019
C02-1101,A00-2020
C04-1125,A00-2020
E03-1068,A00-2020
P10-2014,A00-2020
P13-2084,A00-2020
W11-0408,A00-2020
C00-1010,A00-2021
I05-1018,A00-2021
J07-4004,A00-2021
N03-1027,A00-2021
P00-1061,A00-2021
P05-1011,A00-2021
P06-2004,A00-2021
P11-2034,A00-2021
W06-2913,A00-2021
W06-3327,A00-2021
W07-2201,A00-2021
W07-2202,A00-2021
W07-2208,A00-2021
W10-4216,A00-2021
W11-2708,A00-2021
C02-1013,A00-2022
C10-1026,A00-2022
D10-1068,A00-2022
D13-1120,A00-2022
I05-1014,A00-2022
J08-1002,A00-2022
N10-1002,A00-2022
P06-4020,A00-2022
W02-2005,A00-2022
W05-1517,A00-2022
W06-1206,A00-2022
W06-3502,A00-2022
W07-1217,A00-2022
W07-1219,A00-2022
C00-1007,A00-2023
C02-1064,A00-2023
C04-1097,A00-2023
C08-1038,A00-2023
D07-1028,A00-2023
D11-1149,A00-2023
E03-1006,A00-2023
J06-2003,A00-2023
J08-3004,A00-2023
J12-4006,A00-2023
N01-1001,A00-2023
N04-1014,A00-2023
P02-1015,A00-2023
P02-1039,A00-2023
P02-1057,A00-2023
P03-2041,A00-2023
P04-1011,A00-2023
P05-1036,A00-2023
P05-2011,A00-2023
P06-1130,A00-2023
P06-2109,A00-2023
P08-2035,A00-2023
P11-1008,A00-2023
P11-1125,A00-2023
W00-1401,A00-2023
W01-0520,A00-2023
W01-0813,A00-2023
W05-1508,A00-2023
W05-1510,A00-2023
W05-1601,A00-2023
W05-1604,A00-2023
W06-1304,A00-2023
W06-1403,A00-2023
W07-2207,A00-2023
W08-1112,A00-2023
W08-1122,A00-2023
W08-1133,A00-2023
W09-0613,A00-2023
W10-1617,A00-2023
A00-1043,A00-2024
C02-1073,A00-2024
C10-1037,A00-2024
C10-1039,A00-2024
D10-1050,A00-2024
D13-1155,A00-2024
H05-1033,A00-2024
I05-2009,A00-2024
I08-1016,A00-2024
I08-2101,A00-2024
J02-4002,A00-2024
J02-4004,A00-2024
J02-4005,A00-2024
J05-3002,A00-2024
J11-4007,A00-2024
P10-1058,A00-2024
P11-3002,A00-2024
P13-1121,A00-2024
W02-0404,A00-2024
W02-1907,A00-2024
W03-1004,A00-2024
W03-1102,A00-2024
W09-0604,A00-2024
W09-2807,A00-2024
W09-2808,A00-2024
W11-1605,A00-2024
W11-1606,A00-2024
W13-3508,A00-2024
C00-2140,A00-2025
C10-2177,A00-2025
N06-2050,A00-2025
N10-1006,A00-2025
P08-1054,A00-2025
P11-5003,A00-2025
W05-0905,A00-2025
W11-0324,A00-2025
C00-1007,A00-2026
C02-1005,A00-2026
C02-1064,A00-2026
C08-1038,A00-2026
D07-1028,A00-2026
D11-1054,A00-2026
H01-1055,A00-2026
I05-1086,A00-2026
N01-1001,A00-2026
N01-1003,A00-2026
N13-1027,A00-2026
P01-1032,A00-2026
P04-3009,A00-2026
P05-2026,A00-2026
P06-1130,A00-2026
P09-4010,A00-2026
P11-1101,A00-2026
P13-1152,A00-2026
W01-0520,A00-2026
W02-1022,A00-2026
W04-2302,A00-2026
W04-2311,A00-2026
W05-1601,A00-2026
W05-1619,A00-2026
W05-1627,A00-2026
W10-1617,A00-2026
W11-2011,A00-2026
A00-1014,A00-2027
E03-1072,A00-2027
N09-2048,A00-2027
W00-0310,A00-2027
E06-2004,A00-2028
J06-3004,A00-2028
N01-1027,A00-2028
P01-1012,A00-2028
P04-1012,A00-2028
P07-1102,A00-2028
P09-2023,A00-2028
W00-1017,A00-2028
W07-0308,A00-2028
W11-2024,A00-2028
E09-1058,A00-2029
N01-1027,A00-2029
P01-1048,A00-2029
P04-1044,A00-2029
P11-1074,A00-2029
W01-1610,A00-2029
W03-0409,A00-2029
W08-0102,A00-2029
C08-1134,A00-2030
D09-1149,A00-2030
D10-1034,A00-2030
D11-1132,A00-2030
H01-1024,A00-2030
H01-1027,A00-2030
H05-1082,A00-2030
H05-1094,A00-2030
I05-1034,A00-2030
J02-3001,A00-2030
J03-4003,A00-2030
J12-2006,A00-2030
N01-1001,A00-2030
N04-1013,A00-2030
N06-1037,A00-2030
N06-1038,A00-2030
N06-2007,A00-2030
N07-2025,A00-2030
N07-2041,A00-2030
N13-1095,A00-2030
P04-1054,A00-2030
P04-3022,A00-2030
P05-1052,A00-2030
P05-1053,A00-2030
P05-1061,A00-2030
P06-1016,A00-2030
P06-1017,A00-2030
P06-1040,A00-2030
P06-1104,A00-2030
P06-2012,A00-2030
P07-1055,A00-2030
P10-1074,A00-2030
P10-1113,A00-2030
W01-0510,A00-2030
W03-0501,A00-2030
W05-0304,A00-2030
W05-0602,A00-2030
W05-0636,A00-2030
W06-0508,A00-2030
W06-1667,A00-2030
W06-1671,A00-2030
W07-2216,A00-2030
W08-2101,A00-2030
W10-2924,A00-2030
W11-1101,A00-2030
W13-2027,A00-2030
C02-1013,A00-2031
C02-1132,A00-2031
C04-1010,A00-2031
D13-1116,A00-2031
E03-1025,A00-2031
H05-1078,A00-2031
J02-3001,A00-2031
J03-4003,A00-2031
J07-3004,A00-2031
N03-2008,A00-2031
N04-1030,A00-2031
N06-1023,A00-2031
N06-1024,A00-2031
P00-1065,A00-2031
P04-1040,A00-2031
P04-1082,A00-2031
P05-1036,A00-2031
P05-1039,A00-2031
P06-1132,A00-2031
P06-2018,A00-2031
P09-3007,A00-2031
P10-1111,A00-2031
P11-1123,A00-2031
P13-2114,A00-2031
S10-1009,A00-2031
W02-1015,A00-2031
W03-0411,A00-2031
W03-1207,A00-2031
W03-1210,A00-2031
W03-2008,A00-2031
W04-2609,A00-2031
W04-2610,A00-2031
W05-1509,A00-2031
I05-1009,A00-2032
I08-1002,A00-2032
J11-3001,A00-2032
P06-2056,A00-2032
P08-1016,A00-2032
W02-0105,A00-2032
C00-1052,A00-2033
L08-1489,A00-2033
P01-1022,A00-2033
W07-1801,A00-2033
W07-2215,A00-2033
C00-2118,A00-2034
C02-1013,A00-2034
C02-1132,A00-2034
D07-1039,A00-2034
D13-1121,A00-2034
E03-1040,A00-2034
J01-3003,A00-2034
J02-2003,A00-2034
J02-3001,A00-2034
J03-2004,A00-2034
J03-3005,A00-2034
J04-1003,A00-2034
J05-1004,A00-2034
J12-3005,A00-2034
N01-1013,A00-2034
P02-1027,A00-2034
P12-1044,A00-2034
P13-2129,A00-2034
W02-1016,A00-2034
W02-2014,A00-2034
W03-0910,A00-2034
W04-2206,A00-2034
W04-2411,A00-2034
W04-2605,A00-2034
C02-1073,A00-2035
I05-1010,A00-2035
J02-3002,A00-2035
J06-4003,A00-2035
W03-0408,A00-2035
W07-2213,A00-2036
W04-2316,A00-2037
C02-1016,A00-2038
C04-1137,A00-2038
D07-1095,A00-2038
E03-1088,A00-2038
N01-1014,A00-2038
N09-1008,A00-2038
N09-3008,A00-2038
N13-1072,A00-2038
P07-1109,A00-2038
P09-1015,A00-2038
P10-1080,A00-2038
P11-1041,A00-2038
P13-4003,A00-2038
W05-0606,A00-2038
W05-0805,A00-2038
W06-1107,A00-2038
W07-1308,A00-2038
W08-1402,A00-2038
W10-2209,A00-2038
W10-2405,A00-2038
W12-0208,A00-2038
A00-2039,A00-2039
J06-1004,A00-2039
P00-1029,A00-2040
W01-0518,A00-2040
A00-1008,A00-2041
N03-2030,A00-2041
N04-3002,A00-2041
W02-0211,A00-2041
W03-0205,A00-2041
W03-0210,A00-2041
W03-1606,A00-2041
W04-0304,A00-2041
W04-2801,A00-2041
W04-2803,A00-2041
W05-0208,A00-2041
W06-1803,A00-2041
W06-3502,A00-2041
W06-3503,A00-2041
W09-0509,A00-2041
C00-1040,A00-2043
H01-1067,A00-2043
W02-0305,A00-2043
J04-4001,A00-3001
W00-1411,A00-3001
L08-1324,A00-3005
E85-1040,A83-1002
J07-1006,A83-1002
P84-1039,A83-1002
W02-1902,A83-1002
W06-1414,A83-1002
A88-1007,A83-1003
C86-1108,A83-1003
J84-2001,A83-1003
P84-1013,A83-1003
P86-1005,A83-1003
C92-2122,A83-1004
E85-1030,A83-1004
J84-2001,A83-1004
P84-1013,A83-1004
A88-1007,A83-1006
C92-2122,A83-1006
C96-1068,A83-1006
E85-1030,A83-1006
E87-1038,A83-1006
H89-2031,A83-1006
J84-2001,A83-1006
J86-3002,A83-1006
J89-1001,A83-1006
N13-1128,A83-1006
P84-1013,A83-1006
P84-1014,A83-1006
P84-1023,A83-1006
P84-1047,A83-1006
P85-1019,A83-1006
P86-1005,A83-1006
J86-3002,A83-1007
P84-1023,A83-1007
P84-1108,A83-1007
H86-1009,A83-1009
M91-1026,A83-1009
M95-1001,A83-1009
X96-1047,A83-1009
J87-1007,A83-1013
A83-1014,A83-1015
C88-2160,A83-1015
C92-3143,A83-1015
J83-3002,A83-1015
J83-3003,A83-1015
P96-1020,A83-1015
A83-1014,A83-1016
H86-1009,A83-1016
H89-1034,A83-1016
J86-3002,A83-1016
P84-1023,A83-1016
P84-1108,A83-1016
P88-1002,A83-1016
A83-1014,A83-1017
J83-3003,A83-1017
W95-0111,A83-1018
J85-1001,A83-1027
J90-2001,A83-1027
P84-1102,A83-1027
P84-1116,A83-1027
A88-1023,A83-1028
C92-4209,A83-1028
J83-3002,A83-1028
J85-1001,A83-1028
P83-1001,A83-1028
P84-1116,A83-1028
W97-0409,A83-1029
J83-1003,A83-1031
J84-2001,A83-1031
C88-1072,A88-1002
C90-3085,A88-1002
H90-1057,A88-1002
H91-1061,A88-1002
C04-1075,A88-1003
C94-2189,A88-1003
C94-2191,A88-1003
D09-1103,A88-1003
E99-1031,A88-1003
J01-4001,A88-1003
J02-1001,A88-1003
J94-4002,A88-1003
J99-3001,A88-1003
N04-1004,A88-1003
P92-1004,A88-1003
P93-1021,A88-1003
P98-2143,A88-1003
W91-0114,A88-1003
W97-1303,A88-1003
W97-1314,A88-1003
W99-0104,A88-1003
W99-0207,A88-1003
A92-1006,A88-1004
E89-1018,A88-1004
A92-1036,A88-1006
C90-3095,A88-1006
C94-1073,A88-1007
C94-1099,A88-1007
H89-2011,A88-1007
H91-1021,A88-1007
P88-1002,A88-1007
P93-1033,A88-1007
P95-1038,A88-1007
C92-3127,A88-1008
D09-1152,A88-1008
P13-1007,A88-1008
P98-2142,A88-1009
P98-2159,A88-1010
A00-1035,A88-1011
A92-1015,A88-1011
A92-1017,A88-1011
C88-1028,A88-1011
C92-3160,A88-1011
E99-1040,A88-1011
P92-1021,A88-1011
W12-3207,A88-1011
A88-1020,A88-1012
C88-2166,A88-1012
C90-3031,A88-1012
C92-2078,A88-1012
C92-2089,A88-1012
J89-1003,A88-1012
P89-1012,A88-1012
J10-1005,A88-1013
C94-2118,A88-1014
H90-1070,A88-1014
J92-1001,A88-1014
P88-1027,A88-1014
P89-1012,A88-1014
W91-0216,A88-1014
P89-1021,A88-1015
A92-1004,A88-1016
J90-3003,A88-1016
A94-1029,A88-1018
C90-2034,A88-1018
C90-3064,A88-1018
C90-3071,A88-1018
C90-3077,A88-1018
C90-3085,A88-1018
C92-4200,A88-1018
H90-1070,A88-1018
H91-1034,A88-1018
J93-2005,A88-1018
M91-1036,A88-1018
A00-1024,A88-1019
A00-1026,A88-1019
A00-1042,A88-1019
A00-2013,A88-1019
A88-1030,A88-1019
A92-1018,A88-1019
A92-1020,A88-1019
A92-1021,A88-1019
A94-1006,A88-1019
A94-1009,A88-1019
A94-1011,A88-1019
A94-1013,A88-1019
A94-1024,A88-1019
A94-1029,A88-1019
A97-1029,A88-1019
A97-1033,A88-1019
C00-1042,A88-1019
C00-1044,A88-1019
C00-1046,A88-1019
C00-1081,A88-1019
C00-2089,A88-1019
C00-2105,A88-1019
C00-2141,A88-1019
C10-1100,A88-1019
C90-2044,A88-1019
C90-3010,A88-1019
C90-3030,A88-1019
C90-3063,A88-1019
C90-3086,A88-1019
C92-1033,A88-1019
C92-1055,A88-1019
C92-2085,A88-1019
C94-1024,A88-1019
C94-1025,A88-1019
C94-1027,A88-1019
C94-1032,A88-1019
C94-1097,A88-1019
C94-2122,A88-1019
C94-2149,A88-1019
C94-2160,A88-1019
C94-2174,A88-1019
C96-1041,A88-1019
C96-1058,A88-1019
C96-2114,A88-1019
C96-2136,A88-1019
D12-1086,A88-1019
E09-1079,A88-1019
E91-1004,A88-1019
E91-1025,A88-1019
E91-1027,A88-1019
E93-1015,A88-1019
E93-1046,A88-1019
E95-1003,A88-1019
E95-1022,A88-1019
E99-1016,A88-1019
E99-1018,A88-1019
H89-2012,A88-1019
H90-1052,A88-1019
H90-1055,A88-1019
H90-1069,A88-1019
H91-1026,A88-1019
H91-1037,A88-1019
H91-1044,A88-1019
H91-1065,A88-1019
H91-1067,A88-1019
H91-1074,A88-1019
H91-1077,A88-1019
H92-1022,A88-1019
H92-1023,A88-1019
H92-1025,A88-1019
H92-1026,A88-1019
H92-1041,A88-1019
H93-1045,A88-1019
H93-1046,A88-1019
H93-1071,A88-1019
H94-1027,A88-1019
H94-1034,A88-1019
H94-1049,A88-1019
H94-1054,A88-1019
H94-1084,A88-1019
I05-2022,A88-1019
J00-3003,A88-1019
J00-4004,A88-1019
J01-2002,A88-1019
J01-4004,A88-1019
J02-3002,A88-1019
J90-1003,A88-1019
J90-3003,A88-1019
J92-1001,A88-1019
J93-1001,A88-1019
J93-1004,A88-1019
J93-1005,A88-1019
J93-1007,A88-1019
J93-2002,A88-1019
J93-2004,A88-1019
J93-2005,A88-1019
J93-2006,A88-1019
J93-3003,A88-1019
J94-1002,A88-1019
J95-2001,A88-1019
J95-2004,A88-1019
J95-3004,A88-1019
J95-4004,A88-1019
J96-1001,A88-1019
J96-2001,A88-1019
J96-2003,A88-1019
J97-2002,A88-1019
J97-3003,A88-1019
J98-1003,A88-1019
J98-3005,A88-1019
J99-2004,A88-1019
J99-4003,A88-1019
J99-4005,A88-1019
L08-1454,A88-1019
L08-1521,A88-1019
M91-1021,A88-1019
M95-1015,A88-1019
N03-1033,A88-1019
N03-1035,A88-1019
N06-1042,A88-1019
P00-1007,A88-1019
P00-1015,A88-1019
P00-1016,A88-1019
P00-1035,A88-1019
P00-1036,A88-1019
P02-1055,A88-1019
P03-1003,A88-1019
P03-1065,A88-1019
P07-2053,A88-1019
P89-1010,A88-1019
P89-1015,A88-1019
P90-1031,A88-1019
P90-1032,A88-1019
P90-1034,A88-1019
P91-1023,A88-1019
P91-1027,A88-1019
P91-1030,A88-1019
P91-1036,A88-1019
P91-1037,A88-1019
P92-1006,A88-1019
P92-1023,A88-1019
P92-1032,A88-1019
P92-1054,A88-1019
P93-1005,A88-1019
P93-1024,A88-1019
P93-1042,A88-1019
P94-1013,A88-1019
P94-1032,A88-1019
P94-1041,A88-1019
P95-1039,A88-1019
P96-1008,A88-1019
P96-1010,A88-1019
P96-1025,A88-1019
P96-1030,A88-1019
P96-1041,A88-1019
P96-1042,A88-1019
P97-1008,A88-1019
P97-1010,A88-1019
P97-1023,A88-1019
P97-1029,A88-1019
P97-1030,A88-1019
P97-1032,A88-1019
P97-1059,A88-1019
P98-1001,A88-1019
P98-1034,A88-1019
P98-1063,A88-1019
P98-1066,A88-1019
P98-1080,A88-1019
P98-1108,A88-1019
P98-2123,A88-1019
P98-2134,A88-1019
P98-2208,A88-1019
P99-1004,A88-1019
P99-1009,A88-1019
P99-1021,A88-1019
W00-0721,A88-1019
W00-0726,A88-1019
W00-0737,A88-1019
W00-1201,A88-1019
W00-1211,A88-1019
W00-1309,A88-1019
W00-1320,A88-1019
W01-0501,A88-1019
W01-0509,A88-1019
W01-0706,A88-1019
W01-0712,A88-1019
W02-0102,A88-1019
W02-1023,A88-1019
W02-1035,A88-1019
W03-1203,A88-1019
W03-1706,A88-1019
W05-0404,A88-1019
W05-0706,A88-1019
W06-1701,A88-1019
W07-0813,A88-1019
W09-1707,A88-1019
W12-3201,A88-1019
W93-0109,A88-1019
W93-0111,A88-1019
W93-0306,A88-1019
W94-0107,A88-1019
W94-0111,A88-1019
W95-0101,A88-1019
W95-0107,A88-1019
W95-0109,A88-1019
W95-0112,A88-1019
W95-0113,A88-1019
W96-0102,A88-1019
W96-0111,A88-1019
W96-0205,A88-1019
W96-0206,A88-1019
W96-0207,A88-1019
W96-0208,A88-1019
W96-0209,A88-1019
W96-0303,A88-1019
W96-0305,A88-1019
W97-0110,A88-1019
W97-0201,A88-1019
W97-0213,A88-1019
W97-0313,A88-1019
W97-0314,A88-1019
W97-0318,A88-1019
W97-0902,A88-1019
W97-1505,A88-1019
W98-0702,A88-1019
W98-1105,A88-1019
W98-1117,A88-1019
W98-1205,A88-1019
W98-1207,A88-1019
W98-1211,A88-1019
W98-1309,A88-1019
W99-0608,A88-1019
W99-0615,A88-1019
W99-0621,A88-1019
W99-0634,A88-1019
X98-1013,A88-1019
C88-2166,A88-1020
H90-1069,A88-1020
P97-1010,A88-1020
C90-2066,A88-1021
W91-0114,A88-1021
J10-3008,A88-1022
C90-2063,A88-1023
C92-4188,A88-1023
A92-1045,A88-1026
A92-1015,A88-1027
C92-2072,A88-1027
C92-2100,A88-1027
P95-1006,A88-1027
W12-0304,A88-1027
E91-1019,A88-1028
C90-3071,A88-1029
M93-1026,A88-1029
P89-1013,A88-1029
A88-1019,A88-1030
A92-1020,A88-1030
C00-2089,A88-1030
W01-0708,A88-1030
W95-0107,A88-1030
A92-1034,A88-1031
C94-2208,A88-1031
P88-1024,A88-1031
P99-1034,A88-1031
C90-3029,A88-1032
J93-4001,A88-1032
P01-1052,A88-1032
P88-1012,A88-1032
P98-1060,A88-1032
W98-0720,A88-1032
C90-2051,A88-1033
J93-4001,A88-1034
J00-4002,A92-1001
W02-0211,A92-1001
W94-0101,A92-1001
H93-1034,A92-1002
P96-1037,A92-1002
W94-0324,A92-1002
A00-1009,A92-1006
A94-1002,A92-1006
A97-1038,A92-1006
A97-1039,A92-1006
C00-1007,A92-1006
N01-1003,A92-1006
P01-1038,A92-1006
P01-1056,A92-1006
P04-1011,A92-1006
P96-1039,A92-1006
P97-1026,A92-1006
P98-1118,A92-1006
W00-1414,A92-1006
W00-1416,A92-1006
W93-0210,A92-1006
W94-0319,A92-1006
W94-0329,A92-1006
W96-0401,A92-1006
W96-0414,A92-1006
W96-0503,A92-1006
W98-0304,A92-1006
W98-1406,A92-1006
W98-1414,A92-1006
W98-1419,A92-1006
X98-1026,A92-1006
C92-3159,A92-1007
J98-3004,A92-1007
C94-1086,A92-1008
W07-1601,A92-1008
W97-1409,A92-1008
A00-3003,A92-1009
C92-1038,A92-1009
P92-1034,A92-1009
W13-2102,A92-1009
W94-0319,A92-1009
W94-0324,A92-1009
W94-0329,A92-1009
W96-0414,A92-1009
W96-0417,A92-1009
W98-1413,A92-1009
W94-0324,A92-1010
A92-1012,A92-1011
C94-1043,A92-1011
C94-1073,A92-1011
E93-1026,A92-1011
J01-3003,A92-1011
J98-1003,A92-1011
P10-1134,A92-1011
P13-4018,A92-1011
P93-1033,A92-1011
W05-1008,A92-1011
W93-0108,A92-1011
W96-0305,A92-1011
W96-0306,A92-1011
W97-0812,A92-1011
A00-2022,A92-1012
A92-1011,A92-1012
C94-1043,A92-1012
C94-1052,A92-1012
E93-1026,A92-1012
P92-1046,A92-1012
A94-1029,A92-1013
A97-1055,A92-1013
C94-1074,A92-1013
C94-2123,A92-1013
J05-1005,A92-1013
P94-1051,A92-1013
W93-0107,A92-1013
W93-0108,A92-1013
W94-0103,A92-1013
W96-0203,A92-1013
W97-0803,A92-1013
C92-2085,A92-1014
C94-1073,A92-1014
C94-2167,A92-1014
J03-4003,A92-1014
J05-1005,A92-1014
J94-4005,A92-1014
J98-2002,A92-1014
P05-1075,A92-1014
P93-1033,A92-1014
P98-1079,A92-1014
W02-0306,A92-1014
W02-0905,A92-1014
A00-1024,A92-1015
A00-1035,A92-1015
A92-1017,A92-1015
C96-1031,A92-1015
P98-2142,A92-1015
W97-0505,A92-1016
W97-1007,A92-1016
A00-1026,A92-1018
A00-1031,A92-1018
A92-1021,A92-1018
A94-1008,A92-1018
A94-1009,A92-1018
A94-1013,A92-1018
A94-1027,A92-1018
A97-1004,A92-1018
A97-1014,A92-1018
A97-1017,A92-1018
C00-1004,A92-1018
C00-1042,A92-1018
C00-1081,A92-1018
C00-2089,A92-1018
C04-1052,A92-1018
C04-1080,A92-1018
C08-1026,A92-1018
C94-1027,A92-1018
C94-1032,A92-1018
C94-1097,A92-1018
C94-2108,A92-1018
C94-2118,A92-1018
C94-2174,A92-1018
C96-1011,A92-1018
C96-1036,A92-1018
C96-2114,A92-1018
C96-2136,A92-1018
C96-2192,A92-1018
E06-1034,A92-1018
E95-1014,A92-1018
E95-1020,A92-1018
E95-1021,A92-1018
E95-1022,A92-1018
E99-1018,A92-1018
H05-1052,A92-1018
H92-1022,A92-1018
H94-1049,A92-1018
I08-2130,A92-1018
I08-3015,A92-1018
J02-1004,A92-1018
J13-1005,A92-1018
J93-1002,A92-1018
J94-2001,A92-1018
J95-2001,A92-1018
J95-2004,A92-1018
J95-3004,A92-1018
J95-4004,A92-1018
J97-2002,A92-1018
J97-3003,A92-1018
N01-1023,A92-1018
N04-2007,A92-1018
N06-1042,A92-1018
P00-1036,A92-1018
P06-2100,A92-1018
P07-2056,A92-1018
P93-1003,A92-1018
P94-1051,A92-1018
P95-1039,A92-1018
P95-1041,A92-1018
P96-1006,A92-1018
P96-1030,A92-1018
P97-1029,A92-1018
P97-1031,A92-1018
P97-1032,A92-1018
P98-1063,A92-1018
P98-1108,A92-1018
P98-2208,A92-1018
W01-0511,A92-1018
W01-0512,A92-1018
W01-1513,A92-1018
W02-0308,A92-1018
W03-1314,A92-1018
W04-1211,A92-1018
W04-2010,A92-1018
W04-2602,A92-1018
W04-2611,A92-1018
W04-3112,A92-1018
W05-0708,A92-1018
W93-0111,A92-1018
W93-0305,A92-1018
W94-0111,A92-1018
W95-0101,A92-1018
W96-0101,A92-1018
W96-0102,A92-1018
W96-0113,A92-1018
W96-0205,A92-1018
W96-0206,A92-1018
W96-0207,A92-1018
W97-0127,A92-1018
W97-0307,A92-1018
W97-0811,A92-1018
W98-1110,A92-1018
W98-1207,A92-1018
W99-0608,A92-1018
C92-3152,A92-1019
C96-2209,A92-1019
J94-2001,A92-1019
A00-1012,A92-1021
A00-1013,A92-1021
A00-1020,A92-1021
A00-1040,A92-1021
A94-1009,A92-1021
A94-1024,A92-1021
A97-1017,A92-1021
A97-1040,A92-1021
A97-1043,A92-1021
A97-1051,A92-1021
C00-1032,A92-1021
C00-1046,A92-1021
C00-1077,A92-1021
C00-2156,A92-1021
C02-1085,A92-1021
C02-1159,A92-1021
C02-1161,A92-1021
C02-2018,A92-1021
C04-1080,A92-1021
C08-1006,A92-1021
C94-1093,A92-1021
C94-2195,A92-1021
C96-1009,A92-1021
C96-1041,A92-1021
C96-1069,A92-1021
C96-1072,A92-1021
C96-2105,A92-1021
C96-2119,A92-1021
C96-2148,A92-1021
C96-2157,A92-1021
C96-2192,A92-1021
D07-1082,A92-1021
D12-1079,A92-1021
E95-1022,A92-1021
E99-1028,A92-1021
H01-1020,A92-1021
H01-1039,A92-1021
H01-1074,A92-1021
H93-1047,A92-1021
H94-1049,A92-1021
I05-1084,A92-1021
I08-1048,A92-1021
I08-2118,A92-1021
I08-2130,A92-1021
I08-3015,A92-1021
J01-2002,A92-1021
J04-3002,A92-1021
J09-4004,A92-1021
J11-2001,A92-1021
J11-4005,A92-1021
J95-2001,A92-1021
J95-2004,A92-1021
J95-4004,A92-1021
J98-1005,A92-1021
M95-1012,A92-1021
M98-1007,A92-1021
N07-1039,A92-1021
P03-1010,A92-1021
P03-2002,A92-1021
P06-1050,A92-1021
P07-1071,A92-1021
P08-1087,A92-1021
P09-1086,A92-1021
P11-1164,A92-1021
P13-1118,A92-1021
P93-1035,A92-1021
P96-1006,A92-1021
P96-1018,A92-1021
P96-1048,A92-1021
P96-1050,A92-1021
P97-1016,A92-1021
P97-1029,A92-1021
P97-1030,A92-1021
P97-1031,A92-1021
P97-1059,A92-1021
P98-1010,A92-1021
P98-1063,A92-1021
P98-1068,A92-1021
P98-1081,A92-1021
P98-2208,A92-1021
P98-2228,A92-1021
P99-1018,A92-1021
S12-1035,A92-1021
W00-0404,A92-1021
W00-1104,A92-1021
W00-1107,A92-1021
W01-1011,A92-1021
W01-1015,A92-1021
W01-1513,A92-1021
W01-1626,A92-1021
W02-2029,A92-1021
W03-0613,A92-1021
W03-1308,A92-1021
W03-1505,A92-1021
W03-1613,A92-1021
W04-0810,A92-1021
W04-0829,A92-1021
W05-0207,A92-1021
W05-1303,A92-1021
W05-1308,A92-1021
W06-2201,A92-1021
W06-3402,A92-1021
W09-1707,A92-1021
W09-2403,A92-1021
W10-2209,A92-1021
W95-0101,A92-1021
W95-0115,A92-1021
W96-0101,A92-1021
W96-0102,A92-1021
W96-0203,A92-1021
W96-0207,A92-1021
W97-0104,A92-1021
W97-0114,A92-1021
W97-0117,A92-1021
W97-0202,A92-1021
W97-0205,A92-1021
W97-0207,A92-1021
W97-0208,A92-1021
W97-0811,A92-1021
W97-1304,A92-1021
W98-0706,A92-1021
W98-1001,A92-1021
W98-1110,A92-1021
W98-1205,A92-1021
W98-1234,A92-1021
W99-0707,A92-1021
X98-1013,A92-1021
A00-2032,A92-1022
A97-1052,A92-1022
C92-2099,A92-1022
C94-1093,A92-1022
M92-1015,A92-1022
P93-1033,A92-1022
W05-0211,A92-1022
W98-1114,A92-1022
A97-1031,A92-1024
E95-1004,A92-1024
A94-1004,A92-1025
H93-1008,A92-1026
W07-2211,A92-1026
H94-1042,A92-1027
J93-1009,A92-1027
P11-3014,A92-1027
P99-1026,A92-1027
W11-2306,A92-1027
W93-0104,A92-1027
W94-0109,A92-1027
W98-1405,A92-1027
A94-1032,A92-1028
C94-2106,A92-1028
C96-2137,A92-1028
C96-2147,A92-1028
D12-1097,A92-1028
P95-1017,A92-1028
W97-0114,A92-1028
W97-1304,A92-1028
C92-3154,A92-1029
W96-0309,A92-1029
W98-0603,A92-1029
C92-1013,A92-1030
C92-3145,A92-1030
C96-1034,A92-1030
J92-4004,A92-1030
P03-2033,A92-1030
P95-1036,A92-1030
P96-1045,A92-1030
W06-1402,A92-1030
W98-0211,A92-1030
M93-1026,A92-1035
W94-0312,A92-1036
P98-2153,A92-1037
C04-1001,A92-1039
W08-1701,A92-1039
J92-3001,A92-1040
A92-1012,A92-1044
C94-1052,A92-1044
J98-1003,A92-1044
P97-1007,A92-1044
E93-1019,A92-1045
E93-1062,A92-1045
H93-1038,A92-1045
X96-1024,A92-1045
A97-1019,A94-1001
A97-1040,A94-1001
W01-0815,A94-1001
W98-1427,A94-1001
A97-1041,A94-1002
I05-5005,A94-1002
J97-2001,A94-1002
N03-1003,A94-1002
P95-1053,A94-1002
P96-1039,A94-1002
P98-2199,A94-1002
W00-1417,A94-1002
W00-1429,A94-1002
W01-0802,A94-1002
W05-1602,A94-1002
W13-2105,A94-1002
W96-0512,A94-1002
W97-0903,A94-1002
W98-0718,A94-1002
W98-1415,A94-1002
A94-1004,A94-1003
C02-2014,A94-1003
C96-2110,A94-1003
C96-2138,A94-1003
W98-1111,A94-1003
A94-1003,A94-1004
C02-2014,A94-1004
C96-2138,A94-1004
P98-1039,A94-1005
A00-1020,A94-1006
A97-1050,A94-1006
C00-1058,A94-1006
C96-1089,A94-1006
E09-1057,A94-1006
E09-2012,A94-1006
J96-1001,A94-1006
J97-3002,A94-1006
N03-1035,A94-1006
P00-1063,A94-1006
P05-1075,A94-1006
P95-1033,A94-1006
P96-1018,A94-1006
P97-1065,A94-1006
P98-1004,A94-1006
P98-1069,A94-1006
P98-1117,A94-1006
P98-2134,A94-1006
P99-1043,A94-1006
W00-1314,A94-1006
W01-0907,A94-1006
W03-1807,A94-1006
W06-2403,A94-1006
W12-3156,A94-1006
W97-0114,A94-1006
W97-0115,A94-1006
W97-0119,A94-1006
W97-0702,A94-1006
W97-1304,A94-1006
W98-1112,A94-1006
W99-0602,A94-1006
C00-2086,A94-1007
C08-1012,A94-1007
C10-1137,A94-1007
D07-1064,A94-1007
P09-1109,A94-1007
W12-0513,A94-1007
A97-1013,A94-1008
C02-1131,A94-1008
E95-1021,A94-1008
E95-1022,A94-1008
J02-1004,A94-1008
P97-1032,A94-1008
P98-1063,A94-1008
W01-1513,A94-1008
W04-1506,A94-1008
W04-2005,A94-1008
W04-3231,A94-1008
W07-1709,A94-1008
W12-3407,A94-1008
W13-3613,A94-1008
W97-0213,A94-1008
A97-1052,A94-1009
C04-1052,A94-1009
C04-1080,A94-1009
C10-2016,A94-1009
D07-1118,A94-1009
D11-1005,A94-1009
D11-1117,A94-1009
E03-1025,A94-1009
E03-1073,A94-1009
E95-1022,A94-1009
E99-1042,A94-1009
J03-4004,A94-1009
N01-1023,A94-1009
N10-1083,A94-1009
N10-1116,A94-1009
P00-1061,A94-1009
P01-1034,A94-1009
P03-1007,A94-1009
P04-1062,A94-1009
P06-1084,A94-1009
P06-4020,A94-1009
P08-1085,A94-1009
P96-1042,A94-1009
W02-1706,A94-1009
W03-0407,A94-1009
W04-0852,A94-1009
W04-2602,A94-1009
W07-2203,A94-1009
W09-2403,A94-1009
W10-2902,A94-1009
W95-0101,A94-1009
W96-0113,A94-1009
W96-0209,A94-1009
W97-0120,A94-1009
W98-1114,A94-1009
D07-1054,A94-1010
P98-2145,A94-1010
W08-0334,A94-1010
W96-0114,A94-1012
W97-1511,A94-1012
A00-1012,A94-1013
A00-2004,A94-1013
A97-1003,A94-1013
A97-1004,A94-1013
J02-3002,A94-1013
J97-2002,A94-1013
N03-1029,A94-1013
W02-1605,A94-1013
W04-3209,A94-1013
W97-0121,A94-1013
I05-4001,A94-1014
C00-1051,A94-1016
C00-1075,A94-1016
C00-2122,A94-1016
C08-1005,A94-1016
C08-1145,A94-1016
D07-1030,A94-1016
D07-1105,A94-1016
D09-1115,A94-1016
E06-1005,A94-1016
J03-3004,A94-1016
L08-1140,A94-1016
N03-1004,A94-1016
N07-1029,A94-1016
N10-1141,A94-1016
P04-1063,A94-1016
P05-3026,A94-1016
P06-1001,A94-1016
P07-1040,A94-1016
P09-1065,A94-1016
P11-1125,A94-1016
P11-1127,A94-1016
W02-0711,A94-1016
W05-0828,A94-1016
W05-1518,A94-1016
W07-0726,A94-1016
W12-0114,A94-1016
W12-3124,A94-1016
W97-0409,A94-1016
W97-0411,A94-1016
W99-0623,A94-1016
D11-1115,A94-1018
P98-2142,A94-1018
P97-1004,A94-1019
C00-1042,A94-1024
C10-2040,A94-1024
I08-3015,A94-1024
J96-1003,A94-1024
N06-1042,A94-1024
P06-2100,A94-1024
P97-1029,A94-1024
P97-1032,A94-1024
P98-1063,A94-1024
W96-0207,A94-1024
W98-1303,A94-1024
W98-1309,A94-1024
A97-1027,A94-1025
C96-2209,A94-1025
E99-1024,A94-1026
P01-1026,A94-1027
P96-1042,A94-1027
W01-1208,A94-1027
W96-0109,A94-1027
W97-0803,A94-1027
J00-4001,A94-1028
P98-2153,A94-1029
J00-3004,A94-1030
J96-3004,A94-1030
J97-3002,A94-1030
L08-1133,A94-1030
P95-1033,A94-1030
P96-1021,A94-1030
P97-1041,A94-1030
P98-2230,A94-1030
W01-0701,A94-1030
W03-1025,A94-1030
W04-1122,A94-1030
W95-0106,A94-1030
W95-0114,A94-1030
W95-0115,A94-1030
P98-1023,A94-1035
E99-1040,A94-1037
J96-1003,A94-1037
P00-1037,A94-1037
C96-1043,A94-1041
W96-0507,A94-1041
P06-3001,A94-1042
P98-2149,A94-1042
C96-2109,A94-1045
J96-2002,A94-1045
P95-1008,A94-1045
C02-2014,A94-1046
C96-2203,A94-1046
P98-2175,A94-1046
J05-1002,A94-1047
A00-1012,A97-1001
A00-1016,A97-1001
A00-1046,A97-1001
A00-2033,A97-1001
C00-2097,A97-1001
E03-2010,A97-1001
N01-1030,A97-1001
P01-1022,A97-1001
P97-1036,A97-1001
P98-2131,A97-1001
P99-1024,A97-1001
W00-0311,A97-1001
W00-0312,A97-1001
C00-2140,A97-1003
E06-1035,A97-1003
A00-1012,A97-1004
A00-2004,A97-1004
A00-2035,A97-1004
C00-1055,A97-1004
D07-1059,A97-1004
D12-1106,A97-1004
D13-1146,A97-1004
E12-1065,A97-1004
H05-1086,A97-1004
I05-1010,A97-1004
J02-3002,A97-1004
J06-4003,A97-1004
L08-1049,A97-1004
N03-1029,A97-1004
N04-1015,A97-1004
N04-1039,A97-1004
N09-1030,A97-1004
N09-2061,A97-1004
P00-1023,A97-1004
P02-1002,A97-1004
P03-1010,A97-1004
P05-1004,A97-1004
P06-1071,A97-1004
P07-1025,A97-1004
P08-1021,A97-1004
P10-1130,A97-1004
P11-2111,A97-1004
P12-2049,A97-1004
P13-1167,A97-1004
P98-2140,A97-1004
P98-2191,A97-1004
P99-1018,A97-1004
P99-1021,A97-1004
P99-1030,A97-1004
P99-1082,A97-1004
W00-1321,A97-1004
W02-1006,A97-1004
W03-0408,A97-1004
W03-0504,A97-1004
W03-1020,A97-1004
W03-1703,A97-1004
W04-0834,A97-1004
W04-1202,A97-1004
W04-3103,A97-1004
W04-3209,A97-1004
W04-3210,A97-1004
W05-0201,A97-1004
W06-1105,A97-1004
W07-1414,A97-1004
W07-1422,A97-1004
W08-1801,A97-1004
W10-3602,A97-1004
W11-0709,A97-1004
W11-1607,A97-1004
W13-1301,A97-1004
W97-0121,A97-1004
W98-0203,A97-1004
W98-1117,A97-1004
W98-1118,A97-1004
X98-1017,A97-1004
X98-1021,A97-1004
A97-1031,A97-1006
A97-2003,A97-1006
H01-1031,A97-1006
P00-1010,A97-1006
P12-2040,A97-1006
P12-3007,A97-1006
W01-1312,A97-1006
W01-1313,A97-1006
W97-0320,A97-1006
H01-1031,A97-1007
P00-1010,A97-1007
W01-1312,A97-1007
W01-1313,A97-1007
W97-0320,A97-1007
W97-0602,A97-1007
W97-0606,A97-1007
W98-1421,A97-1007
A00-1016,A97-1008
P98-2136,A97-1008
W00-0311,A97-1008
D08-1108,A97-1010
A00-1039,A97-1011
A00-2017,A97-1011
A97-2005,A97-1011
C00-2099,A97-1011
C00-2136,A97-1011
C02-1110,A97-1011
C02-1115,A97-1011
C04-1037,A97-1011
D11-1002,A97-1011
E03-1086,A97-1011
E06-3003,A97-1011
E12-1072,A97-1011
J03-4001,A97-1011
J10-1003,A97-1011
N03-3006,A97-1011
N06-1007,A97-1011
N07-2043,A97-1011
P01-1006,A97-1011
P01-1040,A97-1011
P01-1045,A97-1011
P03-1044,A97-1011
P13-1093,A97-1011
P98-2210,A97-1011
P99-1033,A97-1011
W01-0704,A97-1011
W02-1112,A97-1011
W02-1505,A97-1011
W02-2029,A97-1011
W03-1205,A97-1011
W03-1308,A97-1011
W03-2806,A97-1011
W04-0207,A97-1011
W04-0815,A97-1011
W04-1505,A97-1011
W04-2003,A97-1011
W04-2007,A97-1011
W04-2709,A97-1011
W04-3253,A97-1011
W06-0202,A97-1011
W06-1654,A97-1011
W06-2920,A97-1011
W06-3807,A97-1011
W07-2057,A97-1011
W07-2108,A97-1011
W09-1118,A97-1011
W97-0307,A97-1011
W98-0501,A97-1011
A00-1026,A97-1012
A00-2041,A97-1012
C00-2089,A97-1012
C02-1093,A97-1012
I05-1013,A97-1012
J03-4001,A97-1012
J07-1004,A97-1012
P01-1043,A97-1012
P97-1059,A97-1012
P99-1033,A97-1012
W01-0707,A97-1012
W04-2004,A97-1012
W04-2510,A97-1012
W07-2209,A97-1012
W97-0810,A97-1012
W98-1205,A97-1012
A00-1026,A97-1013
C00-2089,A97-1013
P00-1064,A97-1013
P97-1031,A97-1013
W99-0603,A97-1013
A00-1031,A97-1014
A97-2016,A97-1014
C00-2157,A97-1014
C02-1021,A97-1014
C02-1121,A97-1014
C04-1020,A97-1014
C04-1056,A97-1014
C04-1074,A97-1014
C04-1140,A97-1014
C10-1061,A97-1014
D07-1066,A97-1014
D08-1091,A97-1014
D11-1036,A97-1014
E03-1068,A97-1014
E03-1080,A97-1014
E03-1087,A97-1014
E12-1047,A97-1014
E99-1016,A97-1014
I05-2019,A97-1014
I05-6010,A97-1014
J05-2005,A97-1014
J13-1003,A97-1014
J13-1006,A97-1014
L08-1267,A97-1014
N07-1051,A97-1014
N10-1003,A97-1014
P03-1013,A97-1014
P03-1015,A97-1014
P04-1042,A97-1014
P05-1038,A97-1014
P05-1039,A97-1014
P05-1040,A97-1014
P06-1064,A97-1014
P06-1109,A97-1014
P06-3004,A97-1014
P08-2002,A97-1014
P11-2067,A97-1014
W04-0206,A97-1014
W04-1505,A97-1014
W04-1506,A97-1014
W04-2707,A97-1014
W06-1614,A97-1014
W06-2912,A97-1014
W08-1007,A97-1014
W10-1407,A97-1014
W11-2204,A97-1014
W13-2221,A97-1014
W97-0307,A97-1014
W98-1117,A97-1014
W98-1207,A97-1014
D12-1120,A97-1015
I08-2096,A97-1015
J03-3001,A97-1015
N10-1004,A97-1015
N13-1040,A97-1015
P06-1043,A97-1015
P08-1042,A97-1015
P10-1075,A97-1015
P11-1157,A97-1015
W00-0706,A97-1015
W00-1322,A97-1015
W01-1415,A97-1015
W97-0122,A97-1015
J01-1003,A97-1016
J11-2002,A97-1016
P00-1027,A97-1016
W02-0304,A97-1016
W99-0703,A97-1016
A00-2013,A97-1017
C00-1021,A97-1017
C00-1041,A97-1017
C00-1069,A97-1017
C10-2001,A97-1017
P01-1036,A97-1017
P99-1065,A97-1017
W04-3231,A97-1017
W07-1701,A97-1017
W09-1116,A97-1017
I08-7003,A97-1018
P98-2206,A97-1018
W97-0316,A97-1018
C02-2015,A97-1020
J00-2004,A97-1020
P98-2175,A97-1020
E12-1070,A97-1021
P97-1020,A97-1021
W00-0207,A97-1021
A00-1035,A97-1022
A97-1023,A97-1022
W98-0503,A97-1022
A00-1035,A97-1024
C10-1062,A97-1024
D11-1119,A97-1025
H01-1052,A97-1025
J07-2002,A97-1025
L08-1323,A97-1025
N04-1016,A97-1025
P01-1005,A97-1025
P03-1017,A97-1025
P03-1020,A97-1025
W12-2036,A97-1025
P99-1046,A97-1026
E99-1001,A97-1028
I08-5013,A97-1028
J00-4003,A97-1028
N04-2002,A97-1028
P00-1044,A97-1028
P98-1045,A97-1028
P98-1112,A97-1028
W00-0904,A97-1028
W02-2003,A97-1028
W02-2029,A97-1028
W03-1505,A97-1028
W06-3325,A97-1028
W07-0804,A97-1028
W98-0610,A97-1028
W99-0612,A97-1028
A00-1023,A97-1029
A00-1034,A97-1029
A00-1044,A97-1029
A00-2030,A97-1029
C00-1030,A97-1029
C02-1025,A97-1029
C02-1088,A97-1029
C02-1126,A97-1029
C02-1143,A97-1029
C02-1154,A97-1029
C04-1092,A97-1029
E03-1015,A97-1029
E03-1038,A97-1029
E03-1082,A97-1029
E06-3004,A97-1029
H01-1050,A97-1029
H05-1003,A97-1029
H05-1045,A97-1029
H05-1054,A97-1029
I05-3006,A97-1029
I08-1045,A97-1029
I08-5004,A97-1029
I08-5005,A97-1029
I08-5007,A97-1029
I08-5015,A97-1029
I08-7002,A97-1029
J00-4003,A97-1029
J02-3002,A97-1029
J03-4003,A97-1029
J04-4004,A97-1029
J13-2001,A97-1029
L08-1054,A97-1029
M98-1009,A97-1029
M98-1016,A97-1029
M98-1018,A97-1029
M98-1019,A97-1029
N03-2010,A97-1029
N03-2025,A97-1029
N04-1001,A97-1029
N04-1036,A97-1029
N04-2007,A97-1029
P00-1042,A97-1029
P00-1058,A97-1029
P01-1055,A97-1029
P02-1031,A97-1029
P03-1020,A97-1029
P03-1043,A97-1029
P03-2021,A97-1029
P05-1006,A97-1029
P05-1051,A97-1029
P05-2005,A97-1029
P06-1059,A97-1029
P06-1061,A97-1029
P06-2055,A97-1029
P06-2060,A97-1029
P06-2086,A97-1029
P08-1056,A97-1029
P10-1029,A97-1029
P98-1031,A97-1029
P98-1045,A97-1029
P99-1046,A97-1029
W00-0904,A97-1029
W00-1201,A97-1029
W00-1320,A97-1029
W02-0402,A97-1029
W02-0813,A97-1029
W02-1017,A97-1029
W02-1113,A97-1029
W02-1406,A97-1029
W02-2010,A97-1029
W02-2022,A97-1029
W02-2029,A97-1029
W02-2031,A97-1029
W03-0428,A97-1029
W03-0432,A97-1029
W03-1121,A97-1029
W03-1211,A97-1029
W03-1502,A97-1029
W03-1509,A97-1029
W04-0705,A97-1029
W04-1218,A97-1029
W04-3234,A97-1029
W05-0709,A97-1029
W06-0206,A97-1029
W06-1314,A97-1029
W06-3325,A97-1029
W06-3607,A97-1029
W07-1704,A97-1029
W13-2412,A97-1029
W97-0312,A97-1029
W98-1105,A97-1029
W98-1118,A97-1029
W98-1120,A97-1029
W99-0613,A97-1029
W99-0634,A97-1029
X98-1014,A97-1029
A00-1021,A97-1030
A00-1026,A97-1030
C02-1088,A97-1030
C02-1130,A97-1030
D07-1074,A97-1030
E09-1035,A97-1030
I08-1071,A97-1030
I08-5010,A97-1030
J00-4003,A97-1030
J98-3005,A97-1030
N03-2024,A97-1030
N04-2003,A97-1030
P00-1011,A97-1030
P98-1045,A97-1030
P98-1112,A97-1030
W00-0506,A97-1030
W02-1024,A97-1030
W02-1109,A97-1030
W03-0107,A97-1030
W03-0405,A97-1030
W03-0428,A97-1030
W07-1702,A97-1030
W10-2416,A97-1030
W98-0203,A97-1030
W98-0610,A97-1030
W98-1001,A97-1030
W99-0202,A97-1030
W99-0612,A97-1030
X98-1021,A97-1030
A00-1022,A97-1031
A00-1033,A97-1031
A97-1006,A97-1031
A97-2003,A97-1031
C02-1121,A97-1031
E03-1034,A97-1031
E03-3004,A97-1031
P98-1112,A97-1031
W00-0738,A97-1031
W01-1017,A97-1031
C00-1025,A97-1032
C04-1142,A97-1032
P99-1057,A97-1032
A00-1021,A97-1033
C04-1199,A97-1033
H01-1045,A97-1033
J11-4007,A97-1033
J98-3005,A97-1033
P98-2176,A97-1033
W03-1016,A97-1033
W98-0610,A97-1033
W98-1424,A97-1033
W99-0202,A97-1033
A97-1035,A97-1034
A97-1054,A97-1034
M98-1007,A97-1034
A97-2017,A97-1035
M98-1007,A97-1035
P02-1056,A97-1035
W01-1004,A97-1035
W01-1505,A97-1035
W03-0801,A97-1035
W03-0807,A97-1035
W05-0618,A97-1035
W09-1123,A97-1035
A97-1035,A97-1036
H01-1039,A97-1036
W03-0807,A97-1036
W98-1208,A97-1036
A00-1009,A97-1037
A97-1039,A97-1037
H01-1055,A97-1037
P98-1118,A97-1037
W00-1429,A97-1037
W10-4218,A97-1037
W98-1425,A97-1038
A00-1009,A97-1039
A00-2026,A97-1039
A97-1037,A97-1039
C10-1012,A97-1039
J03-2003,A97-1039
J11-3002,A97-1039
N01-1003,A97-1039
P01-1015,A97-1039
P01-1056,A97-1039
P04-1011,A97-1039
P05-1007,A97-1039
P06-1034,A97-1039
P07-1063,A97-1039
P09-1025,A97-1039
P10-1158,A97-1039
P13-3023,A97-1039
P98-1116,A97-1039
P98-1118,A97-1039
P99-1019,A97-1039
W00-1422,A97-1039
W00-1436,A97-1039
W01-0807,A97-1039
W01-0808,A97-1039
W01-0810,A97-1039
W01-1403,A97-1039
W02-0211,A97-1039
W02-1610,A97-1039
W05-1616,A97-1039
W05-1619,A97-1039
W08-0111,A97-1039
W09-0613,A97-1039
W10-4205,A97-1039
W10-4237,A97-1039
W98-1428,A97-1039
X98-1026,A97-1039
W97-0608,A97-1040
W97-1202,A97-1040
W98-1424,A97-1040
P01-1023,A97-1041
P98-2165,A97-1041
P98-2199,A97-1041
W00-1414,A97-1041
W13-2123,A97-1041
W98-1415,A97-1041
W98-1424,A97-1041
C04-1057,A97-1042
C04-1094,A97-1042
C10-2106,A97-1042
J02-4001,A97-1042
J02-4002,A97-1042
P06-2063,A97-1042
P10-1095,A97-1042
P10-2061,A97-1042
P98-1112,A97-1042
P98-2222,A97-1042
P99-1071,A97-1042
W04-1017,A97-1042
W09-1607,A97-1042
W09-2807,A97-1042
W13-1204,A97-1042
W97-0704,A97-1042
W97-0713,A97-1042
W98-1124,A97-1042
X98-1026,A97-1042
W00-0404,A97-1043
A00-1042,A97-1044
W98-0610,A97-1044
A00-1026,A97-1046
C10-1100,A97-1046
D07-1086,A97-1046
H05-1118,A97-1046
P98-1001,A97-1046
W99-0635,A97-1046
P98-1055,A97-1048
A00-1038,A97-1049
I08-1017,A97-1049
W00-1323,A97-1049
W97-0312,A97-1049
W97-0901,A97-1049
A00-1020,A97-1050
I05-1088,A97-1050
J03-3002,A97-1050
N03-1018,A97-1050
P01-1067,A97-1050
P97-1039,A97-1050
P97-1063,A97-1050
P98-1004,A97-1050
W02-1404,A97-1050
W10-4006,A97-1050
W99-0626,A97-1050
C04-1058,A97-1051
H01-1028,A97-1051
H05-1088,A97-1051
L08-1399,A97-1051
N01-1006,A97-1051
P00-1016,A97-1051
P06-1015,A97-1051
P99-1009,A97-1051
W00-1304,A97-1051
W02-0205,A97-1051
W02-0402,A97-1051
W02-0403,A97-1051
W03-0108,A97-1051
W03-0806,A97-1051
W04-2803,A97-1051
W05-1209,A97-1051
W06-3325,A97-1051
W06-3909,A97-1051
W07-1516,A97-1051
W99-0107,A97-1051
A00-2034,A97-1052
C00-1063,A97-1052
C00-1085,A97-1052
C00-2100,A97-1052
C00-2118,A97-1052
C02-1013,A97-1052
C02-1040,A97-1052
C02-1077,A97-1052
C02-1118,A97-1052
C04-1038,A97-1052
C04-1104,A97-1052
C04-1133,A97-1052
C04-1153,A97-1052
C04-1174,A97-1052
C08-1025,A97-1052
C08-1057,A97-1052
C10-2018,A97-1052
D07-1110,A97-1052
E03-1040,A97-1052
H01-1043,A97-1052
I05-6008,A97-1052
I08-2107,A97-1052
J01-3003,A97-1052
J02-2003,A97-1052
J03-3001,A97-1052
J03-3005,A97-1052
J04-1003,A97-1052
J05-1004,A97-1052
J05-3003,A97-1052
J08-2001,A97-1052
J98-2002,A97-1052
L08-1064,A97-1052
L08-1097,A97-1052
L08-1098,A97-1052
L08-1099,A97-1052
L08-1151,A97-1052
L08-1210,A97-1052
L08-1239,A97-1052
N01-1013,A97-1052
N07-2002,A97-1052
P03-1007,A97-1052
P03-1009,A97-1052
P03-1022,A97-1052
P04-1047,A97-1052
P04-2008,A97-1052
P05-1076,A97-1052
P06-1044,A97-1052
P06-2043,A97-1052
P06-2067,A97-1052
P07-1115,A97-1052
P07-3016,A97-1052
P08-3010,A97-1052
P09-1004,A97-1052
P10-1024,A97-1052
P13-1058,A97-1052
P13-1085,A97-1052
P98-2184,A97-1052
P98-2236,A97-1052
P98-2247,A97-1052
W00-0709,A97-1052
W00-0742,A97-1052
W00-1325,A97-1052
W00-1327,A97-1052
W02-0815,A97-1052
W02-0906,A97-1052
W02-0907,A97-1052
W02-1108,A97-1052
W02-1706,A97-1052
W02-2014,A97-1052
W04-0809,A97-1052
W04-2411,A97-1052
W04-2605,A97-1052
W04-2606,A97-1052
W05-1529,A97-1052
W06-1601,A97-1052
W07-0605,A97-1052
W10-1612,A97-1052
W12-0514,A97-1052
W12-3409,A97-1052
W97-0203,A97-1052
W97-0808,A97-1052
W98-1114,A97-1052
W99-0631,A97-1052
W99-0632,A97-1052
W99-0708,A97-1052
J98-2002,A97-1053
P98-2214,A97-1053
W97-0123,A97-1053
W99-0622,A97-1053
A97-1034,A97-1054
M98-1021,A97-1054
P02-1022,A97-1054
P05-2009,A97-1054
W04-0508,A97-1054
W04-1007,A97-1054
W05-1308,A97-1054
W06-1807,A97-1054
C04-1054,A97-1055
J98-2002,A97-1055
W98-0711,A97-1055
A00-2009,A97-1056
J98-4002,A97-1056
J99-2002,A97-1056
W07-1002,A97-1056
W97-0322,A97-1056
P08-2056,A97-2002
D11-1116,A97-2005
P10-1068,A97-2005
P08-3008,A97-2007
